swis_code,county_name,muni_name,street_nbr,street_name,book,page,deed_date,sale_date,sale_price,zip5,prop_class_desc_at_sale,total_sale_acres,seller_last_name,buyer_first_name
SWIS-2,County2,101,101,Street2,BOOK-000,PAGE-01,2021-02-02,2022-02-02,1276965.00,10001,Commercial,1.16,Seller1,Buyer1
SWIS-3,County3,102,102,Street3,BOOK-000,PAGE-02,2022-03-03,2023-03-03,1416145.00,10002,Land,4.9,Seller2,Buyer2
SWIS-4,County1,103,103,Street4,BOOK-000,PAGE-03,2023-04-04,2024-04-04,913930.00,10003,Residential,2.14,Seller3,Buyer3
SWIS-5,County2,104,104,Street5,BOOK-000,PAGE-04,2020-05-05,2021-05-05,880192.00,10004,Commercial,0.37,Seller4,Buyer4
SWIS-1,County3,105,105,Street6,BOOK-000,PAGE-05,2021-06-06,2022-06-06,1045033.00,10005,Land,3.82,Seller5,Buyer5
SWIS-2,County1,106,106,Street7,BOOK-000,PAGE-06,2022-07-07,2023-07-07,762548.00,10006,Residential,0.37,Seller6,Buyer6
SWIS-3,County2,107,107,Street8,BOOK-000,PAGE-07,2023-08-08,2024-08-08,395369.00,10007,Commercial,4.77,Seller7,Buyer7
SWIS-4,County3,108,108,Street9,BOOK-000,PAGE-08,2020-09-09,2021-09-09,250972.00,10008,Land,0.19,Seller8,Buyer8
SWIS-5,County1,109,109,Street10,BOOK-000,PAGE-09,2021-10-10,2022-10-10,1425109.00,10009,Residential,0.15,Seller9,Buyer9
SWIS-1,County2,110,110,Street11,BOOK-000,PAGE-10,2022-11-11,2023-11-11,684729.00,10010,Commercial,4.5,Seller10,Buyer10
SWIS-2,County3,111,111,Street12,BOOK-000,PAGE-11,2023-12-12,2024-12-12,1065626.00,10011,Land,3.51,Seller11,Buyer11
SWIS-3,County1,112,112,Street13,BOOK-000,PAGE-12,2020-01-13,2021-01-13,1195188.00,10012,Residential,3.71,Seller12,Buyer12
SWIS-4,County2,113,113,Street14,BOOK-000,PAGE-13,2021-02-14,2022-02-14,319993.00,10013,Commercial,2.74,Seller13,Buyer13
SWIS-5,County3,114,114,Street15,BOOK-000,PAGE-14,2022-03-15,2023-03-15,1368754.00,10014,Land,3.42,Seller14,Buyer14
SWIS-1,County1,115,115,Street16,BOOK-000,PAGE-15,2023-04-16,2024-04-16,848879.00,10015,Residential,3.17,Seller15,Buyer15
SWIS-2,County2,116,116,Street17,BOOK-000,PAGE-16,2020-05-17,2021-05-17,367394.00,10016,Commercial,4.18,Seller16,Buyer16
SWIS-3,County3,117,117,Street18,BOOK-000,PAGE-17,2021-06-18,2022-06-18,1043893.00,10017,Land,4.76,Seller17,Buyer17
SWIS-4,County1,118,118,Street19,BOOK-000,PAGE-18,2022-07-19,2023-07-19,104617.00,10018,Residential,3.27,Seller18,Buyer18
SWIS-5,County2,119,119,Street20,BOOK-000,PAGE-19,2023-08-20,2024-08-20,902435.00,10019,Commercial,0.85,Seller19,Buyer19
SWIS-1,County3,120,120,Street1,BOOK-000,PAGE-20,2020-09-21,2021-09-21,745170.00,10020,Land,0.21,Seller20,Buyer20
SWIS-2,County1,121,121,Street2,BOOK-000,PAGE-21,2021-10-22,2022-10-22,893646.00,10021,Residential,1.55,Seller21,Buyer21
SWIS-3,County2,122,122,Street3,BOOK-000,PAGE-22,2022-11-23,2023-11-23,280128.00,10022,Commercial,2.53,Seller22,Buyer22
SWIS-4,County3,123,123,Street4,BOOK-000,PAGE-23,2023-12-24,2024-12-24,1331433.00,10023,Land,1.79,Seller23,Buyer23
SWIS-5,County1,124,124,Street5,BOOK-000,PAGE-24,2020-01-25,2021-01-25,516440.00,10024,Residential,4.39,Seller24,Buyer24
SWIS-1,County2,125,125,Street6,BOOK-000,PAGE-25,2021-02-26,2022-02-26,152778.00,10025,Commercial,4.74,Seller25,Buyer25
SWIS-2,County3,126,126,Street7,BOOK-000,PAGE-26,2022-03-27,2023-03-27,154118.00,10026,Land,3.51,Seller26,Buyer26
SWIS-3,County1,127,127,Street8,BOOK-000,PAGE-27,2023-04-28,2024-04-28,1005032.00,10027,Residential,3.02,Seller27,Buyer27
SWIS-4,County2,128,128,Street9,BOOK-000,PAGE-28,2020-05-01,2021-05-01,728358.00,10028,Commercial,2.94,Seller28,Buyer28
SWIS-5,County3,129,129,Street10,BOOK-000,PAGE-29,2021-06-02,2022-06-02,1373905.00,10029,Land,2.92,Seller29,Buyer29
SWIS-1,County1,130,130,Street11,BOOK-000,PAGE-30,2022-07-03,2023-07-03,1215275.00,10030,Residential,1.43,Seller30,Buyer30
SWIS-2,County2,131,131,Street12,BOOK-000,PAGE-31,2023-08-04,2024-08-04,1162146.00,10031,Commercial,2.17,Seller31,Buyer31
SWIS-3,County3,132,132,Street13,BOOK-000,PAGE-32,2020-09-05,2021-09-05,521209.00,10032,Land,3.22,Seller32,Buyer32
SWIS-4,County1,133,133,Street14,BOOK-000,PAGE-33,2021-10-06,2022-10-06,1239360.00,10033,Residential,2.35,Seller33,Buyer33
SWIS-5,County2,134,134,Street15,BOOK-000,PAGE-34,2022-11-07,2023-11-07,1319188.00,10034,Commercial,0.66,Seller34,Buyer34
SWIS-1,County3,135,135,Street16,BOOK-000,PAGE-35,2023-12-08,2024-12-08,1352776.00,10035,Land,0.53,Seller35,Buyer35
SWIS-2,County1,136,136,Street17,BOOK-000,PAGE-36,2020-01-09,2021-01-09,1217356.00,10036,Residential,2.66,Seller36,Buyer36
SWIS-3,County2,137,137,Street18,BOOK-000,PAGE-37,2021-02-10,2022-02-10,1027771.00,10037,Commercial,2.31,Seller37,Buyer37
SWIS-4,County3,138,138,Street19,BOOK-000,PAGE-38,2022-03-11,2023-03-11,1097318.00,10038,Land,2.58,Seller38,Buyer38
SWIS-5,County1,139,139,Street20,BOOK-000,PAGE-39,2023-04-12,2024-04-12,437716.00,10039,Residential,2.15,Seller39,Buyer39
SWIS-1,County2,140,140,Street1,BOOK-000,PAGE-40,2020-05-13,2021-05-13,352249.00,10040,Commercial,2.31,Seller40,Buyer40
SWIS-2,County3,141,141,Street2,BOOK-000,PAGE-41,2021-06-14,2022-06-14,1035090.00,10041,Land,1.91,Seller41,Buyer41
SWIS-3,County1,142,142,Street3,BOOK-000,PAGE-42,2022-07-15,2023-07-15,906266.00,10042,Residential,0.49,Seller42,Buyer42
SWIS-4,County2,143,143,Street4,BOOK-000,PAGE-43,2023-08-16,2024-08-16,112140.00,10043,Commercial,1.51,Seller43,Buyer43
SWIS-5,County3,144,144,Street5,BOOK-000,PAGE-44,2020-09-17,2021-09-17,106447.00,10044,Land,1.24,Seller44,Buyer44
SWIS-1,County1,145,145,Street6,BOOK-000,PAGE-45,2021-10-18,2022-10-18,789726.00,10045,Residential,3.3,Seller45,Buyer45
SWIS-2,County2,146,146,Street7,BOOK-000,PAGE-46,2022-11-19,2023-11-19,635131.00,10046,Commercial,3.39,Seller46,Buyer46
SWIS-3,County3,147,147,Street8,BOOK-000,PAGE-47,2023-12-20,2024-12-20,682697.00,10047,Land,3,Seller47,Buyer47
SWIS-4,County1,148,148,Street9,BOOK-000,PAGE-48,2020-01-21,2021-01-21,1400480.00,10048,Residential,4.48,Seller48,Buyer48
SWIS-5,County2,149,149,Street10,BOOK-000,PAGE-49,2021-02-22,2022-02-22,378558.00,10049,Commercial,2.22,Seller49,Buyer49
SWIS-1,County3,150,150,Street11,BOOK-000,PAGE-50,2022-03-23,2023-03-23,1341915.00,10050,Land,4.76,Seller50,Buyer50